<?xml version="1.0" encoding="UTF-8"?>
<project>
  <pomVersion>3</pomVersion>
  <artifactId>javabdd</artifactId>
  <name>JavaBDD</name>
  <groupId>javabdd</groupId>
  <id>javabdd</id>
  <currentVersion>1.0b2</currentVersion>
  <logo>/images/logo2_mid.jpg</logo>
  <organization>
    <name>John Whaley</name>
    <url>http://sourceforge.net</url>
    <logo>http://sourceforge.net/sflogo.php?group_id=72725&amp;type=5</logo>
  </organization>
  <inceptionYear>2003</inceptionYear>
  <package>net.sf.javabdd</package>
  <shortDescription>Java Binary Decision Diagram library</shortDescription>
  <description>
    
     &lt;p&gt;JavaBDD is a Java library for manipulating BDDs (Binary Decision Diagrams). 
	Binary decision diagrams are widely used in model checking, formal 
	verification, optimizing circuit diagrams, etc. For an excellent overview of 
	the BDD data structure, see this set of &lt;a href="http://www.itu.dk/people/hra/notes-index.html"&gt;
	lecture notes&lt;/a&gt; by Henrik Reif Andersen.&lt;/p&gt;
	&lt;p&gt;The JavaBDD API is based on that of the popular &lt;a href="http://www.itu.dk/research/buddy/"&gt;
	BuDDy&lt;/a&gt; package, a BDD package written in C by Jørn Lind-Nielsen. 
	However, JavaBDD's API is designed to be object-oriented. The ugly C function 
	interface and reference counting schemes have been hidden underneath a uniform, 
	object-oriented interface.&lt;/p&gt;
	&lt;p&gt;JavaBDD includes a 100% Java implementation.  It can also interface with the
        &lt;a href="http://javaddlib.sourceforge.net/jdd/"&gt;JDD&lt;/a&gt; library, or with three
	popular BDD libraries written in C via a JNI interface: &lt;a href="http://www.itu.dk/research/buddy/"&gt;
	BuDDy&lt;/a&gt;, &lt;a href="http://vlsi.colorado.edu/~fabio/CUDD/cuddIntro.html"&gt;CUDD&lt;/a&gt;,
	and &lt;a href="http://www-cad.eecs.berkeley.edu/Research/cal_bdd/"&gt;CAL&lt;/a&gt;.
	JavaBDD provides a uniform interface to all of these libraries, so you can easily switch between
	them without having to make changes to your application.&lt;/p&gt;
	&lt;p&gt;JavaBDD is designed for high performance applications, so it also exposes many 
	of the lower level options of the BDD library, like cache sizes and advanced 
	variable reordering.&lt;/p&gt;
     
  </description>
  <url>http://javabdd.sourceforge.net/</url>
  <issueTrackingUrl>http://sourceforge.net/tracker/?group_id=72725</issueTrackingUrl>
  <siteAddress>shell.sourceforge.net</siteAddress>
  <siteDirectory>/home/groups/j/ja/javabdd/htdocs/</siteDirectory>
  <distributionDirectory>/home/groups/j/ja/javabdd/</distributionDirectory>
  <repository>
    <connection>scm:cvs:pserver:anonymous@javabdd.cvs.sourceforge.net:/cvsroot/javabdd:JavaBDD</connection>
    <developerConnection>scm:cvs:ext:joewhaley@javabdd.cvs.sourceforge.net:/cvsroot/javabdd:JavaBDD</developerConnection>
    <url>http://javabdd.cvs.sourceforge.net/javabdd/</url>
  </repository>
  <versions>
    <version>
      <id>0.3</id>
      <name>0.3</name>
      <tag>v0_3</tag>
    </version>
    <version>
      <id>0.4</id>
      <name>0.4</name>
      <tag>v0_4</tag>
    </version>
    <version>
      <id>0.5</id>
      <name>0.5</name>
      <tag>v0_5</tag>
    </version>
    <version>
      <id>0.6</id>
      <name>0.6</name>
      <tag>v0_6</tag>
    </version>
    <version>
      <id>1.0b1</id>
      <name>1.0b1</name>
      <tag>v1_0b1</tag>
    </version>
    <version>
      <id>1.0b2</id>
      <name>1.0b2</name>
      <tag>v1_0b2</tag>
    </version>
  </versions>
  <mailingLists>
    <mailingList>
      <name>JavaBDD Announce List</name>
      <subscribe>
        http://lists.sourceforge.net/lists/listinfo/javabdd-announce
      </subscribe>
      <unsubscribe>
        http://lists.sourceforge.net/lists/listinfo/javabdd-announce
      </unsubscribe>
      <archive>
        http://sourceforge.net/mailarchive/forum.php?forum=javabdd-announce
      </archive>
    </mailingList>
    <mailingList>
      <name>JavaBDD Developer List</name>
      <subscribe>
        http://lists.sourceforge.net/lists/listinfo/javabdd-devel
      </subscribe>
      <unsubscribe>
        http://lists.sourceforge.net/lists/listinfo/javabdd-devel
      </unsubscribe>
      <archive>
        http://sourceforge.net/mailarchive/forum.php?forum=javabdd-devel
      </archive>
    </mailingList>
    <mailingList>
      <name>JavaBDD CVS Checkins List</name>
      <subscribe>
        http://lists.sourceforge.net/lists/listinfo/javabdd-checkins
      </subscribe>
      <unsubscribe>
        http://lists.sourceforge.net/lists/listinfo/javabdd-checkins
      </unsubscribe>
      <archive>
        http://sourceforge.net/mailarchive/forum.php?forum=javabdd-checkins
      </archive>
    </mailingList>
  </mailingLists>
  <developers>
    <developer>
      <name>John Whaley</name>
      <id>joewhaley</id>
      <email>joewhaley@users.sourceforge.net</email>
      <organization>Stanford University</organization>
      <timezone>-8</timezone>
    </developer>
  </developers>
  <dependencies>
    <dependency>
      <groupId>jdd</groupId>
      <artifactId>jdd</artifactId>
      <version>1.00</version>
      <jar>${basedir}/jdd.jar</jar>
      <url>http://javaddlib.sourceforge.net/</url>
    </dependency>
    <!-- TODO
    <dependency>
      <groupId>maven</groupId>
      <artifactId>maven-native-plugin</artifactId>
      <version>1.1</version>
      <url>http://www.ibiblio.org/maven/maven/plugins/</url>
    </dependency>
    
    <dependency>
      <groupId>buddy</groupId>
      <artifactId>buddy</artifactId>
      <version>2.4</version>
      <url>http://buddy.sourceforge.net/</url>
    </dependency>
-->
    <dependency>
      <groupId>statcvs</groupId>
      <artifactId>maven-statcvs-plugin</artifactId>
      <version>2.5</version>
      <type>plugin</type>
    </dependency>
  </dependencies>
  <build>
    <nagEmailAddress>joewhaley@users.sourceforge.net</nagEmailAddress>
    <sourceDirectory>.</sourceDirectory>
    <unitTestSourceDirectory>../JavaBDD_tests</unitTestSourceDirectory>
    <!-- Unit test cases -->
    <unitTest>
      <includes>
        <include>**/*Test.java</include>
        <include>**/*Tests.java</include>
        <include>regression/*.java</include>
      </includes>
      <!-- Not currently used.
      <excludes>
        <exclude>**/RepositoryTest.java</exclude>
      </excludes>
-->
    </unitTest>
    <!-- J A R  R E S O U R C E S -->
    <!-- Resources that are packaged up inside the JAR file -->
    <!-- Integration unit test cases -->
    <sourceModifications>
      <sourceModification>
        <className>fakeClass</className>
        <excludes>
          <exclude>target/**</exclude>
        </excludes>
      </sourceModification>
    </sourceModifications>
    <integrationUnitTest />
    <jars />
  </build>
  <reports>
    <report>
      maven-developer-activity-plugin
    </report>
    <report>
      maven-faq-plugin
    </report>
    <report>
      maven-file-activity-plugin
    </report>
    <report>
      maven-jdepend-plugin
    </report>
    <report>
      maven-javadoc-plugin
    </report>
    <report>
      maven-jxr-plugin
    </report>
    <report>
      maven-junit-report-plugin
    </report>
    <report>
      maven-findbugs-plugin
    </report>
    <report>
      maven-linkcheck-plugin
    </report>
    <report>
      maven-statcvs-plugin
    </report>
    <report>
      maven-changes-plugin
    </report>
    <!-- TOO EXPENSIVE
    <report>
      maven-checkstyle-plugin
    </report>
    <report>
      maven-pmd-plugin
    </report>
    <report>
      maven-simian-plugin
    </report>
-->
  </reports>
</project>

